slotId,filename,"Open Volume / Architectural Open Space","Open Volume / Permeability","Open Volume / Interstitial Space","Open Volume / Low Mass","Open Volume / Enclosed Void (informational)","Convergent / Destination Agreement","Convergent / Approach Direction Diversity","Convergent / Path Continuity Into Destination","Sculptural / Adjacent Normal Variation","Sculptural / Normal Orientation Entropy","Sculptural / Sectional Area Variation","Sculptural / Plan Asymmetry","Visually Connected / Zone-to-Zone Visibility","Visually Connected / Mean Clear Sightline Length","Visually Connected / Visible Zone-Pair Fraction","Surreal / Non-Axis-Aligned Surface","Surreal / Upper / Lower Centroid Shift","Surreal / Component Scale Variance","Surreal / Cantilevered Offset","Monumental / Calibrated Height","Monumental / Calibrated Volume","Monumental / Vertical Dominance","Hierarchical / Primary / Secondary Difference","Hierarchical / Secondary / Tertiary Difference","Hierarchical / Largest-Region Dominance","Sequential / Meaningful Graph Depth","Sequential / Ordered Zones on Primary Path","Sequential / Spatial Transition Diversity","Sequential / Path Legibility","Circulation Activated / Reachable Meaningful Space","Circulation Activated / Route Network Continuity","Circulation Activated / Useful Intersection Density","Circulation Activated / Space-to-Route Interface","Circulation Activated / Dead-End Quality","Centralized / Center Concentration","Centralized / Radial Occupancy Falloff","Centralized / Inner-Zone Dominance","Vertically Integrated / Traversable Vertical Connectivity","Vertically Integrated / Cross-Level Spatial Connection","Vertically Integrated / Vertical Void Continuity","Vertically Integrated / Reachable Level Diversity","Luminous / Upward Hemispherical Exposure","Luminous / Sky-Facing Opening","Luminous / Daylight Penetration"
G1,"Gathering, Linear.obj",49,13,49,42,0,80,63,76,15,97,44,33,15,41,30,24,2,100,0,38,43,29,3,22,13,43,67,80,0,91,94,88,100,93,89,49,35,100,50,50,100,58,30,66
G2,"Gathering, Plate.obj",69,21,63,45,1,17,63,88,14,100,64,56,18,41,38,21,16,61,2,38,25,29,5,2,14,43,67,100,17,20,27,57,75,61,89,54,53,100,100,73,100,55,41,63
G3,"Gathering, Room within Volume.obj",70,27,67,53,0,0,0,0,5,82,94,49,29,49,42,14,3,100,0,38,26,26,23,18,24,50,83,100,73,10,33,25,43,52,83,24,7,100,0,0,100,86,48,92
G4,"Gathering, Stepped.obj",76,37,70,51,0,15,38,100,18,100,100,44,20,41,34,24,13,60,3,38,19,29,12,6,18,60,100,100,67,8,19,67,62,75,91,70,69,100,100,91,100,68,59,78
G5,"Gathering, Void Field.obj",80,36,69,54,0,60,38,82,18,100,84,49,21,39,38,29,5,66,4,38,15,29,20,45,23,43,67,100,21,53,77,70,81,78,82,91,100,100,50,100,100,65,63,76
O1,"void workspace.obj",83,46,57,50,0,41,25,100,18,100,79,71,29,45,47,41,8,88,0,38,12,29,0,67,20,43,67,80,78,31,55,57,65,58,58,91,100,100,0,0,100,75,70,80
O2,"undulating workspace.obj",72,33,61,43,1,29,50,73,11,90,65,40,17,35,27,22,12,85,4,38,27,29,0,2,14,43,67,100,19,22,35,75,80,75,95,86,100,100,100,91,100,51,54,61
O3,"open hall workspace.obj",82,34,72,68,0,0,0,0,13,86,100,52,20,40,30,24,8,100,1,38,16,29,7,5,21,50,83,60,100,5,17,0,40,0,93,42,51,33,100,91,25,73,69,84
O4,"flat deep-plate workspace.obj",72,32,68,57,0,22,25,99,7,79,100,26,26,47,39,16,7,100,0,38,27,29,0,2,20,43,67,80,33,18,57,50,32,49,95,0,0,100,100,100,100,71,43,82
O5,"cascaded workspace.obj",54,16,50,38,1,55,25,100,12,90,48,45,13,38,25,21,3,76,2,38,35,29,18,7,15,43,67,80,85,51,63,81,93,86,84,67,72,100,0,0,100,56,54,65
L1,"Lobby, Vertical Void.obj",64,37,59,44,0,24,38,100,4,70,100,23,13,42,19,10,1,65,0,40,29,30,16,0,18,56,100,60,36,17,36,40,34,45,88,58,55,100,100,100,100,34,38,45
L2,"Lobby, Ground Field.obj",64,20,58,41,0,25,50,97,15,93,39,40,13,34,26,21,11,52,3,37,29,28,0,15,14,50,83,100,8,22,39,73,67,80,89,81,93,100,100,100,100,66,52,73
L3,"Lobby, Linear.obj",71,27,59,43,1,58,63,82,19,100,30,51,14,34,21,40,11,53,2,37,26,29,6,2,13,43,67,80,0,71,70,84,100,87,95,50,39,100,100,100,100,56,25,65
L4,"Lobby, Sequential.obj",69,22,61,44,3,81,63,81,16,100,40,52,12,35,25,30,12,66,3,38,31,25,7,2,11,43,67,80,17,85,95,82,95,94,94,64,87,100,100,100,100,57,17,65
L5,"Lobby, Cont Hall.obj",87,60,57,46,0,40,13,48,16,100,100,55,41,41,42,29,3,89,14,40,10,29,5,79,30,33,50,60,80,33,72,63,62,84,86,88,100,0,0,0,0,89,66,91