slotId,filename,program,descriptor,absoluteScore,comparativeRank,percentile,confidence,tieBreakUsed,components
G1,"Gathering, Linear.obj",Gathering,"Open Volume",37.50000000000001,1,0,100,false,"Architectural Open Space=0.49 | Permeability=0.13 | Interstitial Space=0.49 | Low Mass=0.42 | Enclosed Void (informational)=0"
G1,"Gathering, Linear.obj",Gathering,"Convergent",73.25,14,93,100,false,"Destination Agreement=0.7959183673469388 | Approach Direction Diversity=0.625 | Path Continuity Into Destination=0.7565921202539689"
G1,"Gathering, Linear.obj",Gathering,"Sculptural",46.35,2,7,100,false,"Adjacent Normal Variation=0.15314310410617393 | Normal Orientation Entropy=0.9706541530040176 | Sectional Area Variation=0.4386698402990352 | Plan Asymmetry=0.32566765578635015"
G1,"Gathering, Linear.obj",Gathering,"Visually Connected",26.410368297822266,7,43,100,false,"Zone-to-Zone Visibility=0.15024197096348438 | Mean Clear Sightline Length=0.40910280233917323 | Visible Zone-Pair Fraction=0.29505582137161085"
G1,"Gathering, Linear.obj",Gathering,"Surreal",32.7,12,79,100,false,"Non-Axis-Aligned Surface=0.24196751481070994 | Upper / Lower Centroid Shift=0.020526186217644498 | Component Scale Variance=1 | Cantilevered Offset=0"
G1,"Gathering, Linear.obj",Gathering,"Monumental",37.5,15,100,100,false,"Calibrated Height=20 | Calibrated Volume=5392 | Vertical Dominance=1"
G1,"Gathering, Linear.obj",Gathering,"Hierarchical",12.149999999999999,10,64,100,false,"Primary / Secondary Difference=0.033707865168539325 | Secondary / Tertiary Difference=0.22093023255813954 | Largest-Region Dominance=0.13263785394932937"
G1,"Gathering, Linear.obj",Gathering,"Sequential",55,2,7,100,true,"Meaningful Graph Depth=3 | Ordered Zones on Primary Path=4 | Spatial Transition Diversity=0.8 | Path Legibility=0"
G1,"Gathering, Linear.obj",Gathering,"Circulation Activated",92.57542457542458,15,100,100,false,"Reachable Meaningful Space=0.9073593073593074 | Route Network Continuity=0.935064935064935 | Useful Intersection Density=0.8846153846153846 | Space-to-Route Interface=1 | Dead-End Quality=0.07142857142857142"
G1,"Gathering, Linear.obj",Gathering,"Centralized",61.5,3,14,100,false,"Center Concentration=0.8899327766786337 | Radial Occupancy Falloff=0.49315461099230584 | Inner-Zone Dominance=0.34548537515896566"
G1,"Gathering, Linear.obj",Gathering,"Vertically Integrated",72.50000000000001,6,36,100,false,"Traversable Vertical Connectivity=1 | Cross-Level Spatial Connection=4 | Vertical Void Continuity=4 | Reachable Level Diversity=1"
G1,"Gathering, Linear.obj",Gathering,"Luminous",52,4,21,100,false,"Upward Hemispherical Exposure=0.5771604938271605 | Sky-Facing Opening=0.30353677078183006 | Daylight Penetration=0.6604700005580291"
G2,"Gathering, Plate.obj",Gathering,"Open Volume",50.70000000000001,5,29,100,false,"Architectural Open Space=0.69 | Permeability=0.21 | Interstitial Space=0.63 | Low Mass=0.45 | Enclosed Void (informational)=0.01"
G2,"Gathering, Plate.obj",Gathering,"Convergent",47.3,9,57,100,false,"Destination Agreement=0.17142857142857143 | Approach Direction Diversity=0.625 | Path Continuity Into Destination=0.8784975487741137"
G2,"Gathering, Plate.obj",Gathering,"Sculptural",56.400000000000006,10,64,100,false,"Adjacent Normal Variation=0.14156067619937882 | Normal Orientation Entropy=1 | Sectional Area Variation=0.6444606269094023 | Plan Asymmetry=0.5646341463414634"
G2,"Gathering, Plate.obj",Gathering,"Visually Connected",29.899049136700377,10,64,100,false,"Zone-to-Zone Visibility=0.1804255319148936 | Mean Clear Sightline Length=0.40655222890656106 | Visible Zone-Pair Fraction=0.38333333333333336"
G2,"Gathering, Plate.obj",Gathering,"Surreal",25.95,3,14,100,false,"Non-Axis-Aligned Surface=0.20522112153472735 | Upper / Lower Centroid Shift=0.16303043067890902 | Component Scale Variance=0.6075425415119178 | Cantilevered Offset=0.022598870056497175"
G2,"Gathering, Plate.obj",Gathering,"Monumental",31.200000000000003,8,50,100,false,"Calibrated Height=20 | Calibrated Volume=3280 | Vertical Dominance=1"
G2,"Gathering, Plate.obj",Gathering,"Hierarchical",6.2,3,14,100,false,"Primary / Secondary Difference=0.05357142857142857 | Secondary / Tertiary Difference=0.018867924528301886 | Largest-Region Dominance=0.1375921375921376"
G2,"Gathering, Plate.obj",Gathering,"Sequential",61.666666666666664,6,36,100,false,"Meaningful Graph Depth=3 | Ordered Zones on Primary Path=4 | Spatial Transition Diversity=1 | Path Legibility=0.16666666666666663"
G2,"Gathering, Plate.obj",Gathering,"Circulation Activated",41.27991575418046,6,36,100,false,"Reachable Meaningful Space=0.19517773892773893 | Route Network Continuity=0.265625 | Useful Intersection Density=0.5714285714285714 | Space-to-Route Interface=0.7507758105184575 | Dead-End Quality=0.390625"
G2,"Gathering, Plate.obj",Gathering,"Centralized",67.75,6,36,100,false,"Center Concentration=0.8888553953581754 | Radial Occupancy Falloff=0.5392700362411954 | Inner-Zone Dominance=0.5261324041811847"
G2,"Gathering, Plate.obj",Gathering,"Vertically Integrated",93.1818181818182,8,50,100,false,"Traversable Vertical Connectivity=1 | Cross-Level Spatial Connection=20 | Vertical Void Continuity=20 | Reachable Level Diversity=1"
G2,"Gathering, Plate.obj",Gathering,"Luminous",53.199999999999996,5,29,100,false,"Upward Hemispherical Exposure=0.5493827160493826 | Sky-Facing Opening=0.41442879373094504 | Daylight Penetration=0.6315767849428364"
G3,"Gathering, Room within Volume.obj",Gathering,"Open Volume",54.65000000000001,9,57,100,false,"Architectural Open Space=0.7 | Permeability=0.27 | Interstitial Space=0.67 | Low Mass=0.53 | Enclosed Void (informational)=0"
G3,"Gathering, Room within Volume.obj",Gathering,"Convergent",0,1,0,100,true,"Destination Agreement=0 | Approach Direction Diversity=0 | Path Continuity Into Destination=0"
G3,"Gathering, Room within Volume.obj",Gathering,"Sculptural",55.3,9,57,100,false,"Adjacent Normal Variation=0.05398754461602437 | Normal Orientation Entropy=0.8218403656374521 | Sectional Area Variation=0.9409205122495591 | Plan Asymmetry=0.48953488372093024"
G3,"Gathering, Room within Volume.obj",Gathering,"Visually Connected",38.38459811414381,13,86,100,false,"Zone-to-Zone Visibility=0.2932551319648094 | Mean Clear Sightline Length=0.4894266008930405 | Visible Zone-Pair Fraction=0.42021276595744683"
G3,"Gathering, Room within Volume.obj",Gathering,"Surreal",29.95,9,57,100,false,"Non-Axis-Aligned Surface=0.13832436219246566 | Upper / Lower Centroid Shift=0.03059657808015906 | Component Scale Variance=1 | Cantilevered Offset=0"
G3,"Gathering, Room within Volume.obj",Gathering,"Monumental",30.8,6,36,100,false,"Calibrated Height=20 | Calibrated Volume=3440 | Vertical Dominance=0.9364744795932575"
G3,"Gathering, Room within Volume.obj",Gathering,"Hierarchical",21.5,12,79,100,false,"Primary / Secondary Difference=0.22549019607843138 | Secondary / Tertiary Difference=0.17721518987341772 | Largest-Region Dominance=0.2372093023255814"
G3,"Gathering, Room within Volume.obj",Gathering,"Sequential",74.7727272727273,14,93,100,false,"Meaningful Graph Depth=4 | Ordered Zones on Primary Path=5 | Spatial Transition Diversity=1 | Path Legibility=0.7272727272727273"
G3,"Gathering, Room within Volume.obj",Gathering,"Circulation Activated",27.890501655207537,2,7,100,false,"Reachable Meaningful Space=0.09696969696969697 | Route Network Continuity=0.3333333333333333 | Useful Intersection Density=0.25 | Space-to-Route Interface=0.4273321449792038 | Dead-End Quality=0.47619047619047616"
G3,"Gathering, Room within Volume.obj",Gathering,"Centralized",43.35,2,7,100,false,"Center Concentration=0.8253750562819522 | Radial Occupancy Falloff=0.24099534520954852 | Inner-Zone Dominance=0.06976744186046514"
G3,"Gathering, Room within Volume.obj",Gathering,"Vertically Integrated",45.00000000000001,2,7,100,true,"Traversable Vertical Connectivity=1 | Cross-Level Spatial Connection=0 | Vertical Void Continuity=0 | Reachable Level Diversity=1"
G3,"Gathering, Room within Volume.obj",Gathering,"Luminous",76.39999999999999,14,93,100,false,"Upward Hemispherical Exposure=0.8641975308641976 | Sky-Facing Opening=0.48452392008658657 | Daylight Penetration=0.9218443917643645"
G4,"Gathering, Stepped.obj",Gathering,"Open Volume",60.300000000000004,11,71,100,false,"Architectural Open Space=0.76 | Permeability=0.37 | Interstitial Space=0.7 | Low Mass=0.51 | Enclosed Void (informational)=0"
G4,"Gathering, Stepped.obj",Gathering,"Convergent",40.05,5,29,100,false,"Destination Agreement=0.14814814814814814 | Approach Direction Diversity=0.375 | Path Continuity Into Destination=1"
G4,"Gathering, Stepped.obj",Gathering,"Sculptural",64.2,13,86,100,false,"Adjacent Normal Variation=0.17762782105946495 | Normal Orientation Entropy=1 | Sectional Area Variation=1 | Plan Asymmetry=0.43788819875776397"
G4,"Gathering, Stepped.obj",Gathering,"Visually Connected",29.868694166974613,9,57,100,false,"Zone-to-Zone Visibility=0.19764507989907484 | Mean Clear Sightline Length=0.4149773316465476 | Visible Zone-Pair Fraction=0.34101382488479265"
G4,"Gathering, Stepped.obj",Gathering,"Surreal",26.05,4,21,100,false,"Non-Axis-Aligned Surface=0.23887472440397936 | Upper / Lower Centroid Shift=0.12839200337603598 | Component Scale Variance=0.6008561229745056 | Cantilevered Offset=0.034220532319391636"
G4,"Gathering, Stepped.obj",Gathering,"Monumental",29.1,5,29,100,false,"Calibrated Height=20 | Calibrated Volume=2576 | Vertical Dominance=1"
G4,"Gathering, Stepped.obj",Gathering,"Hierarchical",11.4,9,57,100,false,"Primary / Secondary Difference=0.11864406779661017 | Secondary / Tertiary Difference=0.057692307692307696 | Largest-Region Dominance=0.1838006230529595"
G4,"Gathering, Stepped.obj",Gathering,"Sequential",82.66666666666669,15,100,100,false,"Meaningful Graph Depth=6 | Ordered Zones on Primary Path=7 | Spatial Transition Diversity=1 | Path Legibility=0.6666666666666667"
G4,"Gathering, Stepped.obj",Gathering,"Circulation Activated",37.0958651855391,4,21,100,false,"Reachable Meaningful Space=0.07619047619047618 | Route Network Continuity=0.1875 | Useful Intersection Density=0.6666666666666666 | Space-to-Route Interface=0.6192878377660986 | Dead-End Quality=0.25"
G4,"Gathering, Stepped.obj",Gathering,"Centralized",78.15,9,57,100,false,"Center Concentration=0.908305645565074 | Radial Occupancy Falloff=0.7031773226384239 | Inner-Zone Dominance=0.6876663708961845"
G4,"Gathering, Stepped.obj",Gathering,"Vertically Integrated",97.72727272727273,9,57,100,false,"Traversable Vertical Connectivity=1 | Cross-Level Spatial Connection=20 | Vertical Void Continuity=20 | Reachable Level Diversity=1"
G4,"Gathering, Stepped.obj",Gathering,"Luminous",68.30000000000001,11,71,100,false,"Upward Hemispherical Exposure=0.6820987654320988 | Sky-Facing Opening=0.592560549393421 | Daylight Penetration=0.7820240255570695"
G5,"Gathering, Void Field.obj",Gathering,"Open Volume",61.45,12,79,100,false,"Architectural Open Space=0.8 | Permeability=0.36 | Interstitial Space=0.69 | Low Mass=0.54 | Enclosed Void (informational)=0"
G5,"Gathering, Void Field.obj",Gathering,"Convergent",56.7,12,79,100,false,"Destination Agreement=0.6 | Approach Direction Diversity=0.375 | Path Continuity Into Destination=0.8245277873831731"
G5,"Gathering, Void Field.obj",Gathering,"Sculptural",61.2,12,79,100,false,"Adjacent Normal Variation=0.1769276656014063 | Normal Orientation Entropy=1 | Sectional Area Variation=0.8395391820274808 | Plan Asymmetry=0.48863636363636365"
G5,"Gathering, Void Field.obj",Gathering,"Visually Connected",30.41366332892496,11,71,100,false,"Zone-to-Zone Visibility=0.20917273896270897 | Mean Clear Sightline Length=0.38577602159978763 | Visible Zone-Pair Fraction=0.3771043771043771"
G5,"Gathering, Void Field.obj",Gathering,"Surreal",27.25,6,36,100,false,"Non-Axis-Aligned Surface=0.2931654637938693 | Upper / Lower Centroid Shift=0.04794743836632602 | Component Scale Variance=0.6597423305784306 | Cantilevered Offset=0.03686635944700461"
G5,"Gathering, Void Field.obj",Gathering,"Monumental",27.700000000000003,3,14,100,false,"Calibrated Height=20.19451332092285 | Calibrated Volume=2112 | Vertical Dominance=1.0097256660461427"
G5,"Gathering, Void Field.obj",Gathering,"Hierarchical",29.5,14,93,100,false,"Primary / Secondary Difference=0.2033898305084746 | Secondary / Tertiary Difference=0.44680851063829785 | Largest-Region Dominance=0.23137254901960785"
G5,"Gathering, Void Field.obj",Gathering,"Sequential",62.142857142857146,8,50,100,false,"Meaningful Graph Depth=3 | Ordered Zones on Primary Path=4 | Spatial Transition Diversity=1 | Path Legibility=0.2142857142857143"
G5,"Gathering, Void Field.obj",Gathering,"Circulation Activated",69.15438133295277,11,71,100,false,"Reachable Meaningful Space=0.531823335394764 | Route Network Continuity=0.7692307692307693 | Useful Intersection Density=0.7 | Space-to-Route Interface=0.8081838796124511 | Dead-End Quality=0.2153846153846154"
G5,"Gathering, Void Field.obj",Gathering,"Centralized",89.65,13,86,100,false,"Center Concentration=0.8247067261299068 | Radial Occupancy Falloff=0.9088350475246498 | Inner-Zone Dominance=1.3311688311688314"
G5,"Gathering, Void Field.obj",Gathering,"Vertically Integrated",85.00000000000001,7,43,100,false,"Traversable Vertical Connectivity=1 | Cross-Level Spatial Connection=4 | Vertical Void Continuity=15 | Reachable Level Diversity=1"
G5,"Gathering, Void Field.obj",Gathering,"Luminous",67.7,10,64,100,false,"Upward Hemispherical Exposure=0.6543209876543212 | Sky-Facing Opening=0.6298564464960026 | Daylight Penetration=0.7577394502214555"
O1,"void workspace.obj",Office,"Open Volume",62.1,13,86,100,false,"Architectural Open Space=0.83 | Permeability=0.46 | Interstitial Space=0.57 | Low Mass=0.5 | Enclosed Void (informational)=0"
O1,"void workspace.obj",Office,"Convergent",47.2,8,50,100,false,"Destination Agreement=0.4090909090909091 | Approach Direction Diversity=0.25 | Path Continuity Into Destination=1"
O1,"void workspace.obj",Office,"Sculptural",64.35,14,93,100,false,"Adjacent Normal Variation=0.1819070835134615 | Normal Orientation Entropy=1 | Sectional Area Variation=0.7944008000201354 | Plan Asymmetry=0.70995670995671"
O1,"void workspace.obj",Office,"Visually Connected",38.469571324575696,14,93,100,false,"Zone-to-Zone Visibility=0.2948717948717949 | Mean Clear Sightline Length=0.44527450973956795 | Visible Zone-Pair Fraction=0.47368421052631576"
O1,"void workspace.obj",Office,"Surreal",36.3,15,100,100,false,"Non-Axis-Aligned Surface=0.4106711682085439 | Upper / Lower Centroid Shift=0.07566993143618918 | Component Scale Variance=0.875438357763795 | Cantilevered Offset=0"
O1,"void workspace.obj",Office,"Monumental",26.65,1,0,100,false,"Calibrated Height=20.000000116197945 | Calibrated Volume=1848 | Vertical Dominance=1.0000000058098972"
O1,"void workspace.obj",Office,"Hierarchical",28.45,13,86,100,false,"Primary / Secondary Difference=0 | Secondary / Tertiary Difference=0.6739130434782609 | Largest-Region Dominance=0.20444444444444446"
O1,"void workspace.obj",Office,"Sequential",62.77777777777778,9,57,100,false,"Meaningful Graph Depth=3 | Ordered Zones on Primary Path=4 | Spatial Transition Diversity=0.8 | Path Legibility=0.7777777777777778"
O1,"void workspace.obj",Office,"Circulation Activated",49.99099675712579,8,50,100,false,"Reachable Meaningful Space=0.3074074074074074 | Route Network Continuity=0.5483870967741935 | Useful Intersection Density=0.5714285714285714 | Space-to-Route Interface=0.6549382716049383 | Dead-End Quality=0.41935483870967744"
O1,"void workspace.obj",Office,"Centralized",80.05,10,64,100,false,"Center Concentration=0.5817608242037082 | Radial Occupancy Falloff=0.9114838045436687 | Inner-Zone Dominance=1.5120593692022266"
O1,"void workspace.obj",Office,"Vertically Integrated",45.00000000000001,3,14,100,true,"Traversable Vertical Connectivity=1 | Cross-Level Spatial Connection=0 | Vertical Void Continuity=0 | Reachable Level Diversity=1"
O1,"void workspace.obj",Office,"Luminous",75,12,79,100,false,"Upward Hemispherical Exposure=0.7500000000000002 | Sky-Facing Opening=0.7014967639909969 | Daylight Penetration=0.7990778297186094"
O2,"undulating workspace.obj",Office,"Open Volume",54.650000000000006,8,50,100,false,"Architectural Open Space=0.72 | Permeability=0.33 | Interstitial Space=0.61 | Low Mass=0.43 | Enclosed Void (informational)=0.01"
O2,"undulating workspace.obj",Office,"Convergent",45.150000000000006,7,43,100,false,"Destination Agreement=0.2857142857142857 | Approach Direction Diversity=0.5 | Path Continuity Into Destination=0.7338017571312544"
O2,"undulating workspace.obj",Office,"Sculptural",50.05,6,36,100,false,"Adjacent Normal Variation=0.10570219024305366 | Normal Orientation Entropy=0.898131884760631 | Sectional Area Variation=0.645861646457588 | Plan Asymmetry=0.39863325740318906"
O2,"undulating workspace.obj",Office,"Visually Connected",24.76160187405846,6,36,100,false,"Zone-to-Zone Visibility=0.16957076073098173 | Mean Clear Sightline Length=0.3453895623977838 | Visible Zone-Pair Fraction=0.27076923076923076"
O2,"undulating workspace.obj",Office,"Surreal",31.650000000000002,11,71,100,false,"Non-Axis-Aligned Surface=0.21592202683502298 | Upper / Lower Centroid Shift=0.11702087954634724 | Component Scale Variance=0.8487033265478038 | Cantilevered Offset=0.036939313984168866"
O2,"undulating workspace.obj",Office,"Monumental",31.9,10,64,100,false,"Calibrated Height=20 | Calibrated Volume=3512 | Vertical Dominance=0.999999618530419"
O2,"undulating workspace.obj",Office,"Hierarchical",4.2,1,0,100,false,"Primary / Secondary Difference=0 | Secondary / Tertiary Difference=0.016666666666666666 | Largest-Region Dominance=0.136986301369863"
O2,"undulating workspace.obj",Office,"Sequential",61.875,7,43,100,false,"Meaningful Graph Depth=3 | Ordered Zones on Primary Path=4 | Spatial Transition Diversity=1 | Path Legibility=0.1875"
O2,"undulating workspace.obj",Office,"Circulation Activated",50.01321579768271,9,57,100,false,"Reachable Meaningful Space=0.21953125 | Route Network Continuity=0.35294117647058826 | Useful Intersection Density=0.75 | Space-to-Route Interface=0.8049558080808081 | Dead-End Quality=0.24705882352941178"
O2,"undulating workspace.obj",Office,"Centralized",93.1,15,100,100,false,"Center Concentration=0.9473974495925428 | Radial Occupancy Falloff=0.8614644167139792 | Inner-Zone Dominance=1.0820045558086562"
O2,"undulating workspace.obj",Office,"Vertically Integrated",97.72727272727273,10,64,100,false,"Traversable Vertical Connectivity=1 | Cross-Level Spatial Connection=61 | Vertical Void Continuity=61 | Reachable Level Diversity=1"
O2,"undulating workspace.obj",Office,"Luminous",54.900000000000006,6,36,100,false,"Upward Hemispherical Exposure=0.5092592592592592 | Sky-Facing Opening=0.5361433770838311 | Daylight Penetration=0.6106204217625356"
O3,"open hall workspace.obj",Office,"Open Volume",63.70000000000001,14,93,100,false,"Architectural Open Space=0.82 | Permeability=0.34 | Interstitial Space=0.72 | Low Mass=0.68 | Enclosed Void (informational)=0"
O3,"open hall workspace.obj",Office,"Convergent",0,2,7,100,true,"Destination Agreement=0 | Approach Direction Diversity=0 | Path Continuity Into Destination=0"
O3,"open hall workspace.obj",Office,"Sculptural",60.8,11,71,100,false,"Adjacent Normal Variation=0.13377004191627945 | Normal Orientation Entropy=0.8571531443637663 | Sectional Area Variation=1 | Plan Asymmetry=0.5157894736842106"
O3,"open hall workspace.obj",Office,"Visually Connected",28.810636536808083,8,50,100,false,"Zone-to-Zone Visibility=0.2043152796125055 | Mean Clear Sightline Length=0.4036236338721613 | Visible Zone-Pair Fraction=0.30030959752321984"
O3,"open hall workspace.obj",Office,"Surreal",34.400000000000006,13,86,100,false,"Non-Axis-Aligned Surface=0.24084630600793555 | Upper / Lower Centroid Shift=0.07787725453767635 | Component Scale Variance=1 | Cantilevered Offset=0.00909090909090909"
O3,"open hall workspace.obj",Office,"Monumental",28.05,4,21,100,false,"Calibrated Height=20 | Calibrated Volume=2280 | Vertical Dominance=0.999999618530419"
O3,"open hall workspace.obj",Office,"Hierarchical",9.8,7,43,100,false,"Primary / Secondary Difference=0.06557377049180328 | Secondary / Tertiary Difference=0.05263157894736842 | Largest-Region Dominance=0.2147887323943662"
O3,"open hall workspace.obj",Office,"Sequential",67.50000000000001,11,71,100,false,"Meaningful Graph Depth=4 | Ordered Zones on Primary Path=5 | Spatial Transition Diversity=0.6 | Path Legibility=1"
O3,"open hall workspace.obj",Office,"Circulation Activated",11.586247086247086,1,0,100,false,"Reachable Meaningful Space=0.045454545454545456 | Route Network Continuity=0.16666666666666666 | Useful Intersection Density=0 | Space-to-Route Interface=0.40372960372960376 | Dead-End Quality=1"
O3,"open hall workspace.obj",Office,"Centralized",64.65,4,21,100,false,"Center Concentration=0.9307962002690666 | Radial Occupancy Falloff=0.42367700628389554 | Inner-Zone Dominance=0.5087719298245614"
O3,"open hall workspace.obj",Office,"Vertically Integrated",66.8939393939394,5,29,100,false,"Traversable Vertical Connectivity=0.3333333333333333 | Cross-Level Spatial Connection=84 | Vertical Void Continuity=84 | Reachable Level Diversity=0.25"
O3,"open hall workspace.obj",Office,"Luminous",75.10000000000001,13,86,100,false,"Upward Hemispherical Exposure=0.7314814814814814 | Sky-Facing Opening=0.692347811664784 | Daylight Penetration=0.8374619965821978"
O4,"flat deep-plate workspace.obj",Office,"Open Volume",57.50000000000001,10,64,100,false,"Architectural Open Space=0.72 | Permeability=0.32 | Interstitial Space=0.68 | Low Mass=0.57 | Enclosed Void (informational)=0"
O4,"flat deep-plate workspace.obj",Office,"Convergent",38.45,4,21,100,false,"Destination Agreement=0.2222222222222222 | Approach Direction Diversity=0.25 | Path Continuity Into Destination=0.9893567769390845"
O4,"flat deep-plate workspace.obj",Office,"Sculptural",52.050000000000004,8,50,100,false,"Adjacent Normal Variation=0.06593110258725553 | Normal Orientation Entropy=0.7906177073499965 | Sectional Area Variation=1 | Plan Asymmetry=0.26146788990825687"
O4,"flat deep-plate workspace.obj",Office,"Visually Connected",35.574579423829356,12,79,100,false,"Zone-to-Zone Visibility=0.26005582006238714 | Mean Clear Sightline Length=0.47210004050677534 | Visible Zone-Pair Fraction=0.38836265223274696"
O4,"flat deep-plate workspace.obj",Office,"Surreal",31.55,10,64,100,false,"Non-Axis-Aligned Surface=0.15522637685623092 | Upper / Lower Centroid Shift=0.06578560427749211 | Component Scale Variance=1 | Cantilevered Offset=0"
O4,"flat deep-plate workspace.obj",Office,"Monumental",31.9,9,57,100,false,"Calibrated Height=20 | Calibrated Volume=3488 | Vertical Dominance=0.999999618530419"
O4,"flat deep-plate workspace.obj",Office,"Hierarchical",5.7,2,7,100,false,"Primary / Secondary Difference=0 | Secondary / Tertiary Difference=0.023255813953488372 | Largest-Region Dominance=0.2028301886792453"
O4,"flat deep-plate workspace.obj",Office,"Sequential",58.333333333333336,5,29,100,false,"Meaningful Graph Depth=3 | Ordered Zones on Primary Path=4 | Spatial Transition Diversity=0.8 | Path Legibility=0.33333333333333337"
O4,"flat deep-plate workspace.obj",Office,"Circulation Activated",39.24232456140351,5,29,100,false,"Reachable Meaningful Space=0.1751322751322751 | Route Network Continuity=0.5714285714285714 | Useful Intersection Density=0.5 | Space-to-Route Interface=0.3230332776385408 | Dead-End Quality=0.5142857142857142"
O4,"flat deep-plate workspace.obj",Office,"Centralized",38,1,0,100,false,"Center Concentration=0.9481651208401772 | Radial Occupancy Falloff=0 | Inner-Zone Dominance=0"
O4,"flat deep-plate workspace.obj",Office,"Vertically Integrated",100.00000000000001,11,71,100,false,"Traversable Vertical Connectivity=1 | Cross-Level Spatial Connection=12 | Vertical Void Continuity=14 | Reachable Level Diversity=1"
O4,"flat deep-plate workspace.obj",Office,"Luminous",65.9,9,57,100,false,"Upward Hemispherical Exposure=0.7129629629629631 | Sky-Facing Opening=0.4258145768075094 | Daylight Penetration=0.8154060341372921"
O5,"cascaded workspace.obj",Office,"Open Volume",40.00000000000001,2,7,100,false,"Architectural Open Space=0.54 | Permeability=0.16 | Interstitial Space=0.5 | Low Mass=0.38 | Enclosed Void (informational)=0.01"
O5,"cascaded workspace.obj",Office,"Convergent",53.5,11,71,100,false,"Destination Agreement=0.5454545454545454 | Approach Direction Diversity=0.25 | Path Continuity Into Destination=0.9962275071138124"
O5,"cascaded workspace.obj",Office,"Sculptural",47.1,3,14,100,false,"Adjacent Normal Variation=0.12390662498692222 | Normal Orientation Entropy=0.9015559058431906 | Sectional Area Variation=0.48065761830199466 | Plan Asymmetry=0.4455357142857143"
O5,"cascaded workspace.obj",Office,"Visually Connected",23.42844646006269,5,29,100,false,"Zone-to-Zone Visibility=0.12792180195495112 | Mean Clear Sightline Length=0.3813732047106887 | Visible Zone-Pair Fraction=0.24923076923076923"
O5,"cascaded workspace.obj",Office,"Surreal",26.45,5,29,100,false,"Non-Axis-Aligned Surface=0.21429543025540054 | Upper / Lower Centroid Shift=0.026127618380479157 | Component Scale Variance=0.7602928913334944 | Cantilevered Offset=0.016194331983805668"
O5,"cascaded workspace.obj",Office,"Monumental",34.7,14,93,100,false,"Calibrated Height=20.000000053953546 | Calibrated Volume=4480 | Vertical Dominance=1.0000000026976772"
O5,"cascaded workspace.obj",Office,"Hierarchical",13.4,11,71,100,false,"Primary / Secondary Difference=0.18072289156626506 | Secondary / Tertiary Difference=0.07352941176470588 | Largest-Region Dominance=0.14821428571428572"
O5,"cascaded workspace.obj",Office,"Sequential",63.46153846153846,10,64,100,false,"Meaningful Graph Depth=3 | Ordered Zones on Primary Path=4 | Spatial Transition Diversity=0.8 | Path Legibility=0.8461538461538461"
O5,"cascaded workspace.obj",Office,"Circulation Activated",69.82355397638798,12,79,100,false,"Reachable Meaningful Space=0.5080867850098619 | Route Network Continuity=0.631578947368421 | Useful Intersection Density=0.8125 | Space-to-Route Interface=0.927326519634212 | Dead-End Quality=0.1368421052631579"
O5,"cascaded workspace.obj",Office,"Centralized",75.05,8,50,100,false,"Center Concentration=0.8427520172973806 | Radial Occupancy Falloff=0.6661538374198822 | Inner-Zone Dominance=0.7244897959183674"
O5,"cascaded workspace.obj",Office,"Vertically Integrated",45.00000000000001,4,21,100,true,"Traversable Vertical Connectivity=1 | Cross-Level Spatial Connection=0 | Vertical Void Continuity=0 | Reachable Level Diversity=1"
O5,"cascaded workspace.obj",Office,"Luminous",58.1,7,43,100,false,"Upward Hemispherical Exposure=0.5617283950617284 | Sky-Facing Opening=0.5441003551769994 | Daylight Penetration=0.6461189923291286"
L1,"Lobby, Vertical Void.obj",Lobby,"Open Volume",52.650000000000006,7,43,100,false,"Architectural Open Space=0.64 | Permeability=0.37 | Interstitial Space=0.59 | Low Mass=0.44 | Enclosed Void (informational)=0"
L1,"Lobby, Vertical Void.obj",Lobby,"Convergent",44.1,6,36,100,false,"Destination Agreement=0.23529411764705882 | Approach Direction Diversity=0.375 | Path Continuity Into Destination=1"
L1,"Lobby, Vertical Void.obj",Lobby,"Sculptural",48.300000000000004,4,21,100,false,"Adjacent Normal Variation=0.043740659818058684 | Normal Orientation Entropy=0.7009107219439014 | Sectional Area Variation=1 | Plan Asymmetry=0.22736842105263158"
L1,"Lobby, Vertical Void.obj",Lobby,"Visually Connected",23.175625471244924,4,21,100,false,"Zone-to-Zone Visibility=0.1267211201866978 | Mean Clear Sightline Length=0.42498224659864636 | Visible Zone-Pair Fraction=0.1889483065953654"
L1,"Lobby, Vertical Void.obj",Lobby,"Surreal",19.5,1,0,100,false,"Non-Axis-Aligned Surface=0.1048442134098629 | Upper / Lower Centroid Shift=0.007963728084694598 | Component Scale Variance=0.6469855759503782 | Cantilevered Offset=0"
L1,"Lobby, Vertical Void.obj",Lobby,"Monumental",33.65,13,86,100,false,"Calibrated Height=20.675838470458984 | Calibrated Volume=3800 | Vertical Dominance=1.0337918988754295"
L1,"Lobby, Vertical Void.obj",Lobby,"Hierarchical",10.9,8,50,100,false,"Primary / Secondary Difference=0.16279069767441862 | Secondary / Tertiary Difference=0 | Largest-Region Dominance=0.18105263157894738"
L1,"Lobby, Vertical Void.obj",Lobby,"Sequential",68.01587301587303,12,79,100,false,"Meaningful Graph Depth=5 | Ordered Zones on Primary Path=6 | Spatial Transition Diversity=0.6 | Path Legibility=0.3571428571428571"
L1,"Lobby, Vertical Void.obj",Lobby,"Circulation Activated",31.792781855825336,3,14,100,false,"Reachable Meaningful Space=0.16785714285714287 | Route Network Continuity=0.36363636363636365 | Useful Intersection Density=0.4 | Space-to-Route Interface=0.3413802622498275 | Dead-End Quality=0.5454545454545454"
L1,"Lobby, Vertical Void.obj",Lobby,"Centralized",69.25,7,43,100,false,"Center Concentration=0.8774626251120682 | Radial Occupancy Falloff=0.584963944356966 | Inner-Zone Dominance=0.5548872180451129"
L1,"Lobby, Vertical Void.obj",Lobby,"Vertically Integrated",100.00000000000001,14,93,100,false,"Traversable Vertical Connectivity=1 | Cross-Level Spatial Connection=44 | Vertical Void Continuity=44 | Reachable Level Diversity=1"
L1,"Lobby, Vertical Void.obj",Lobby,"Luminous",38.5,1,0,100,false,"Upward Hemispherical Exposure=0.3395061728395061 | Sky-Facing Opening=0.37790657741319844 | Daylight Penetration=0.44639747370775057"
L2,"Lobby, Ground Field.obj",Lobby,"Open Volume",47.00000000000001,3,14,100,false,"Architectural Open Space=0.64 | Permeability=0.2 | Interstitial Space=0.58 | Low Mass=0.41 | Enclosed Void (informational)=0"
L2,"Lobby, Ground Field.obj",Lobby,"Convergent",48.150000000000006,10,64,100,false,"Destination Agreement=0.25 | Approach Direction Diversity=0.5 | Path Continuity Into Destination=0.9677789509515994"
L2,"Lobby, Ground Field.obj",Lobby,"Sculptural",45.5,1,0,100,false,"Adjacent Normal Variation=0.14636850248974356 | Normal Orientation Entropy=0.9319756608139583 | Sectional Area Variation=0.38777776732018454 | Plan Asymmetry=0.3987341772151899"
L2,"Lobby, Ground Field.obj",Lobby,"Visually Connected",22.854856238918757,3,14,100,false,"Zone-to-Zone Visibility=0.13456393793472446 | Mean Clear Sightline Length=0.3423712983628166 | Visible Zone-Pair Fraction=0.2611336032388664"
L2,"Lobby, Ground Field.obj",Lobby,"Surreal",22.650000000000002,2,7,100,false,"Non-Axis-Aligned Surface=0.21382654037808457 | Upper / Lower Centroid Shift=0.10673797987105642 | Component Scale Variance=0.5204532029818175 | Cantilevered Offset=0.030805687203791468"
L2,"Lobby, Ground Field.obj",Lobby,"Monumental",31.95,11,71,100,false,"Calibrated Height=19.95368003845215 | Calibrated Volume=3792 | Vertical Dominance=0.9974221321935721"
L2,"Lobby, Ground Field.obj",Lobby,"Hierarchical",8.75,6,36,100,false,"Primary / Secondary Difference=0 | Secondary / Tertiary Difference=0.15151515151515152 | Largest-Region Dominance=0.13924050632911392"
L2,"Lobby, Ground Field.obj",Lobby,"Sequential",68.26923076923079,13,86,100,false,"Meaningful Graph Depth=4 | Ordered Zones on Primary Path=5 | Spatial Transition Diversity=1 | Path Legibility=0.07692307692307687"
L2,"Lobby, Ground Field.obj",Lobby,"Circulation Activated",48.790176422767516,7,43,100,false,"Reachable Meaningful Space=0.2159726238673607 | Route Network Continuity=0.38571428571428573 | Useful Intersection Density=0.7272727272727273 | Space-to-Route Interface=0.6748457345623339 | Dead-End Quality=0.2"
L2,"Lobby, Ground Field.obj",Lobby,"Centralized",87.2,12,79,100,false,"Center Concentration=0.8893404908170277 | Radial Occupancy Falloff=0.8132487032516662 | Inner-Zone Dominance=0.9312839059674503"
L2,"Lobby, Ground Field.obj",Lobby,"Vertically Integrated",100.00000000000001,13,86,100,false,"Traversable Vertical Connectivity=1 | Cross-Level Spatial Connection=28 | Vertical Void Continuity=28 | Reachable Level Diversity=1"
L2,"Lobby, Ground Field.obj",Lobby,"Luminous",63.9,8,50,100,false,"Upward Hemispherical Exposure=0.6574074074074073 | Sky-Facing Opening=0.5222869024293922 | Daylight Penetration=0.7291887198399358"
L3,"Lobby, Linear.obj",Lobby,"Open Volume",52,6,36,100,false,"Architectural Open Space=0.71 | Permeability=0.27 | Interstitial Space=0.59 | Low Mass=0.43 | Enclosed Void (informational)=0.01"
L3,"Lobby, Linear.obj",Lobby,"Convergent",64.55,13,86,100,false,"Destination Agreement=0.5789473684210527 | Approach Direction Diversity=0.625 | Path Continuity Into Destination=0.8177665953795414"
L3,"Lobby, Linear.obj",Lobby,"Sculptural",48.400000000000006,5,29,100,false,"Adjacent Normal Variation=0.19361444264309474 | Normal Orientation Entropy=1 | Sectional Area Variation=0.3030106230093682 | Plan Asymmetry=0.508274231678487"
L3,"Lobby, Linear.obj",Lobby,"Visually Connected",21.89769741848331,1,0,100,false,"Zone-to-Zone Visibility=0.13894052044609664 | Mean Clear Sightline Length=0.3437346888358543 | Visible Zone-Pair Fraction=0.21333333333333335"
L3,"Lobby, Linear.obj",Lobby,"Surreal",28.4,7,43,100,false,"Non-Axis-Aligned Surface=0.3968998915270741 | Upper / Lower Centroid Shift=0.11429694846227703 | Component Scale Variance=0.5281327560667133 | Cantilevered Offset=0.01891891891891892"
L3,"Lobby, Linear.obj",Lobby,"Monumental",31.15,7,43,100,false,"Calibrated Height=19.99999976158142 | Calibrated Volume=3384 | Vertical Dominance=0.9999998211860955"
L3,"Lobby, Linear.obj",Lobby,"Hierarchical",6.3500000000000005,5,29,100,false,"Primary / Secondary Difference=0.05660377358490566 | Secondary / Tertiary Difference=0.02 | Largest-Region Dominance=0.12589073634204276"
L3,"Lobby, Linear.obj",Lobby,"Sequential",55,3,14,100,true,"Meaningful Graph Depth=3 | Ordered Zones on Primary Path=4 | Spatial Transition Diversity=0.8 | Path Legibility=0"
L3,"Lobby, Linear.obj",Lobby,"Circulation Activated",79.39526034337179,13,86,100,false,"Reachable Meaningful Space=0.7144385026737968 | Route Network Continuity=0.696 | Useful Intersection Density=0.8421052631578947 | Space-to-Route Interface=1 | Dead-End Quality=0.128"
L3,"Lobby, Linear.obj",Lobby,"Centralized",65.25,5,29,100,false,"Center Concentration=0.9501688836484256 | Radial Occupancy Falloff=0.5025068401981808 | Inner-Zone Dominance=0.39344815940560623"
L3,"Lobby, Linear.obj",Lobby,"Vertically Integrated",100.00000000000001,15,100,100,false,"Traversable Vertical Connectivity=1 | Cross-Level Spatial Connection=61 | Vertical Void Continuity=61 | Reachable Level Diversity=1"
L3,"Lobby, Linear.obj",Lobby,"Luminous",49.400000000000006,3,14,100,false,"Upward Hemispherical Exposure=0.5617283950617283 | Sky-Facing Opening=0.25059319349961834 | Daylight Penetration=0.6541667097125258"
L4,"Lobby, Sequential.obj",Lobby,"Open Volume",50.400000000000006,4,21,100,false,"Architectural Open Space=0.69 | Permeability=0.22 | Interstitial Space=0.61 | Low Mass=0.44 | Enclosed Void (informational)=0.03"
L4,"Lobby, Sequential.obj",Lobby,"Convergent",74.7,15,100,100,false,"Destination Agreement=0.8095238095238095 | Approach Direction Diversity=0.625 | Path Continuity Into Destination=0.8106260087705399"
L4,"Lobby, Sequential.obj",Lobby,"Sculptural",50.199999999999996,7,43,100,false,"Adjacent Normal Variation=0.16474203314912533 | Normal Orientation Entropy=1 | Sectional Area Variation=0.39606363420483004 | Plan Asymmetry=0.5192697768762677"
L4,"Lobby, Sequential.obj",Lobby,"Visually Connected",22.37944204851565,2,7,100,false,"Zone-to-Zone Visibility=0.12197336561743341 | Mean Clear Sightline Length=0.3522711598422371 | Visible Zone-Pair Fraction=0.2529002320185615"
L4,"Lobby, Sequential.obj",Lobby,"Surreal",29.1,8,50,100,false,"Non-Axis-Aligned Surface=0.3017827598676037 | Upper / Lower Centroid Shift=0.11589811710530333 | Component Scale Variance=0.6626637702133736 | Cantilevered Offset=0.029748283752860413"
L4,"Lobby, Sequential.obj",Lobby,"Monumental",32.3,12,79,100,false,"Calibrated Height=20.000000476837158 | Calibrated Volume=3944 | Vertical Dominance=0.927418777802857"
L4,"Lobby, Sequential.obj",Lobby,"Hierarchical",6.25,4,21,100,false,"Primary / Secondary Difference=0.07142857142857142 | Secondary / Tertiary Difference=0.019230769230769232 | Largest-Region Dominance=0.11359026369168357"
L4,"Lobby, Sequential.obj",Lobby,"Sequential",56.666666666666664,4,21,100,false,"Meaningful Graph Depth=3 | Ordered Zones on Primary Path=4 | Spatial Transition Diversity=0.8 | Path Legibility=0.16666666666666663"
L4,"Lobby, Sequential.obj",Lobby,"Circulation Activated",89.58327342047929,14,93,100,false,"Reachable Meaningful Space=0.8549382716049382 | Route Network Continuity=0.952 | Useful Intersection Density=0.8235294117647058 | Space-to-Route Interface=0.9483024691358024 | Dead-End Quality=0.056"
L4,"Lobby, Sequential.obj",Lobby,"Centralized",81.75,11,71,100,false,"Center Concentration=0.9409848681327484 | Radial Occupancy Falloff=0.6412623802021271 | Inner-Zone Dominance=0.8678643871341639"
L4,"Lobby, Sequential.obj",Lobby,"Vertically Integrated",100.00000000000001,12,79,100,false,"Traversable Vertical Connectivity=1 | Cross-Level Spatial Connection=20 | Vertical Void Continuity=23 | Reachable Level Diversity=1"
L4,"Lobby, Sequential.obj",Lobby,"Luminous",47.4,2,7,100,false,"Upward Hemispherical Exposure=0.5740740740740741 | Sky-Facing Opening=0.17290991608114972 | Daylight Penetration=0.6488299103856837"
L5,"Lobby, Cont Hall.obj",Lobby,"Open Volume",67.30000000000001,15,100,100,false,"Architectural Open Space=0.87 | Permeability=0.6 | Interstitial Space=0.57 | Low Mass=0.46 | Enclosed Void (informational)=0"
L5,"Lobby, Cont Hall.obj",Lobby,"Convergent",32.150000000000006,3,14,100,false,"Destination Agreement=0.4 | Approach Direction Diversity=0.125 | Path Continuity Into Destination=0.48288633153535576"
L5,"Lobby, Cont Hall.obj",Lobby,"Sculptural",65.8,15,100,100,false,"Adjacent Normal Variation=0.16365429533501588 | Normal Orientation Entropy=1 | Sectional Area Variation=1 | Plan Asymmetry=0.55"
L5,"Lobby, Cont Hall.obj",Lobby,"Visually Connected",41.65388783998739,15,100,100,false,"Zone-to-Zone Visibility=0.41398865784499056 | Mean Clear Sightline Length=0.41394458769674025 | Visible Zone-Pair Fraction=0.42424242424242425"
L5,"Lobby, Cont Hall.obj",Lobby,"Surreal",34.5,14,93,100,false,"Non-Axis-Aligned Surface=0.2868214169910653 | Upper / Lower Centroid Shift=0.03467640726031632 | Component Scale Variance=0.8852798363537983 | Cantilevered Offset=0.14361702127659576"
L5,"Lobby, Cont Hall.obj",Lobby,"Monumental",26.75,2,7,100,false,"Calibrated Height=20.675838470458984 | Calibrated Volume=1600 | Vertical Dominance=1.0040144484206406"
L5,"Lobby, Cont Hall.obj",Lobby,"Hierarchical",37.15,15,100,100,false,"Primary / Secondary Difference=0.05 | Secondary / Tertiary Difference=0.7894736842105263 | Largest-Region Dominance=0.3015075376884422"
L5,"Lobby, Cont Hall.obj",Lobby,"Sequential",49.66666666666667,1,0,100,false,"Meaningful Graph Depth=2 | Ordered Zones on Primary Path=3 | Spatial Transition Diversity=0.6 | Path Legibility=0.8"
L5,"Lobby, Cont Hall.obj",Lobby,"Circulation Activated",58.03570487483531,10,64,100,false,"Reachable Meaningful Space=0.32973210364514716 | Route Network Continuity=0.72 | Useful Intersection Density=0.625 | Space-to-Route Interface=0.6162494510320597 | Dead-End Quality=0.16"
L5,"Lobby, Cont Hall.obj",Lobby,"Centralized",90.19999999999999,14,93,100,false,"Center Concentration=0.861576168869687 | Radial Occupancy Falloff=0.8846163107849732 | Inner-Zone Dominance=1.1714285714285715"
L5,"Lobby, Cont Hall.obj",Lobby,"Vertically Integrated",0,1,0,100,false,"Traversable Vertical Connectivity=0 | Cross-Level Spatial Connection=0 | Vertical Void Continuity=0 | Reachable Level Diversity=0"
L5,"Lobby, Cont Hall.obj",Lobby,"Luminous",82.7,15,100,100,false,"Upward Hemispherical Exposure=0.8888888888888888 | Sky-Facing Opening=0.6577201852410843 | Daylight Penetration=0.9086852307274207"