number,ix,iy,rotation,existingRampClear,existingStairClear,pairs,routes,B_routes,B_G1_triangleCollision,B_nearG1Exit,B_L1_triangleCollision,B_O1_collision,B_O2_headroom,B_existingConnectorCollision,validated
1,2,1,90,true,true,16,128,16,16,14,16,4,0,0,0
2,2,1,0,true,true,16,128,16,16,8,16,0,0,0,0
3,2,1,180,true,true,16,128,16,16,14,16,0,0,0,0
4,2,1,270,true,true,16,128,16,16,14,16,0,0,0,0
5,0,1,90,true,false,16,128,16,16,10,16,3,8,8,0
6,0,1,0,true,false,16,128,16,16,14,16,0,0,10,0
7,0,1,180,true,false,14,112,0,0,0,0,0,0,0,0
8,0,1,270,true,true,16,128,16,16,10,16,0,0,8,0
9,1,2,90,true,true,14,112,0,0,0,0,0,0,0,0
10,1,2,0,true,true,16,128,16,16,14,16,0,0,4,0
11,1,2,180,true,true,16,128,16,16,14,16,0,0,0,0
12,1,2,270,true,true,16,128,16,16,14,16,0,0,0,0
13,0,2,90,true,true,16,128,16,16,12,16,0,0,6,0
14,0,2,0,true,true,16,128,16,16,14,16,0,0,6,0
15,0,2,180,true,true,16,128,16,16,14,16,0,0,3,0
16,0,2,270,true,true,16,128,16,16,14,16,0,0,4,0
17,2,0,90,true,true,16,128,16,16,14,16,6,0,0,0
18,2,0,0,true,true,16,128,16,16,14,16,7,0,0,0
19,2,0,180,true,true,16,128,16,16,14,16,2,0,0,0
20,2,0,270,true,true,16,128,16,16,14,16,2,0,0,0
21,2,2,90,true,true,16,128,16,16,14,16,0,0,0,0
22,2,2,0,true,true,16,128,16,16,14,16,0,0,0,0
23,2,2,180,true,true,16,128,16,16,14,16,0,0,0,0
24,2,2,270,true,true,16,128,16,16,14,16,0,0,0,0
